<?xml version="1.0" encoding="utf-8"?><shortcuts>
	<shortcut>
		<defaultID>moviemenuhub1</defaultID>
		<label>Movie Lists</label>
		<label2>Custom item</label2>
		<icon>special://skin/extras/icons/film.png</icon>
		<thumb>special://profile/addon_data/script.skinshortcuts/skin.auramod-thumb-moviemenuhub1.png</thumb>
		<action>ActivateWindow(2112,return)</action>
	</shortcut>
	<shortcut>
		<defaultID>movienetflixhub</defaultID>
		<label>Movie Netflix Hub</label>
		<label2/>
		<icon>special://skin/extras/icons/film.png</icon>
		<thumb/>
		<action>ActivateWindow(3820,return)</action>
	</shortcut>
	<shortcut>
		<defaultID>movieaurahub</defaultID>
		<label>Movie Aura Hub</label>
		<label2/>
		<icon>special://skin/extras/icons/film.png</icon>
		<thumb/>
		<action>ActivateWindow(3920,return)</action>
	</shortcut>
	<shortcut>
		<defaultID>aurahub2</defaultID>
		<label>Genres Hub</label>
		<label2>Custom item</label2>
		<icon>special://skin/extras/icons/tv.png</icon>
		<thumb>special://profile/addon_data/script.skinshortcuts/skin.auramod-thumb-aurahub2.png</thumb>
		<action>ActivateWindow(4010,return)</action>
	</shortcut>
	<shortcut>
		<label>20386</label>
		<label2>32014</label2>
		<icon>DefaultRecentlyAddedMovies.png</icon>
		<thumb/>
		<action>ActivateWindow(Videos,videodb://recentlyaddedmovies/,return)</action>
	</shortcut>
	<shortcut>
		<label>20434</label>
		<label2>342</label2>
		<icon>DefaultSets.png</icon>
		<thumb/>
		<action>ActivateWindow(Videos,videodb://movies/sets/,return)</action>
	</shortcut>
	<shortcut>
		<label>369</label>
		<label2>342</label2>
		<icon>DefaultMovieTitle.png</icon>
		<thumb/>
		<action>ActivateWindow(Videos,videodb://movies/titles/,return)</action>
	</shortcut>
	<shortcut>
		<label>135</label>
		<label2>342</label2>
		<icon>DefaultGenre.png</icon>
		<thumb/>
		<action>ActivateWindow(Videos,videodb://movies/genres/,return)</action>
	</shortcut>
	<shortcut>
		<label>$LOCALIZE[20451]</label>
		<label2>342</label2>
		<icon>special://skin/extras/icons/world.png</icon>
		<thumb/>
		<action>ActivateWindow(Videos,videodb://movies/countries/,return)</action>
	</shortcut>
	<shortcut>
		<label>$LOCALIZE[20348]</label>
		<label2>342</label2>
		<icon>special://skin/extras/icons/director.png</icon>
		<thumb/>
		<action>ActivateWindow(Videos,videodb://movies/directors/,return)</action>
	</shortcut>
	<shortcut>
		<label>562</label>
		<label2>342</label2>
		<icon>DefaultYear.png</icon>
		<thumb/>
		<action>ActivateWindow(Videos,videodb://movies/years/,return)</action>
	</shortcut>
	<shortcut>
		<label>344</label>
		<label2>342</label2>
		<icon>DefaultActor.png</icon>
		<thumb/>
		<action>ActivateWindow(Videos,videodb://movies/actors/,return)</action>
	</shortcut>
</shortcuts>