<?xml version="1.0" encoding="utf-8"?><shortcuts>
	<shortcut>
		<label>$LOCALIZE[19023]</label>
		<label2>32017</label2>
		<icon>special://skin/extras/icons/tv.png</icon>
		<thumb/>
		<action>ActivateWindow(TVChannels)</action>
	</shortcut>
	<shortcut>
		<label>22020</label>
		<label2>32017</label2>
		<icon>special://skin/extras/icons/tvguide.png</icon>
		<thumb/>
		<action>ActivateWindow(TVGuide)</action>
	</shortcut>
	<shortcut>
		<label>19163</label>
		<label2>32017</label2>
		<icon>special://skin/extras/icons/bookmark-star.png</icon>
		<thumb/>
		<action>ActivateWindow(TVRecordings)</action>
	</shortcut>
	<shortcut>
		<label>19040</label>
		<label2>32017</label2>
		<icon>special://skin/extras/icons/timer.png</icon>
		<thumb/>
		<action>ActivateWindow(TVTimers)</action>
	</shortcut>
	<shortcut>
		<label>137</label>
		<label2>32017</label2>
		<icon>special://skin/extras/icons/search.png</icon>
		<thumb/>
		<action>ActivateWindow(TVSearch)</action>
	</shortcut>
</shortcuts>