<?xml version="1.0" encoding="utf-8"?><shortcuts>
	<shortcut>
		<defaultID/>
		<label>[B][COLOR lightgreen]Cartoons[/COLOR][/B]</label>
		<label2>Video Add-On</label2>
		<icon>DefaultShortcut.png</icon>
		<thumb>special://profile/addon_data/script.skinshortcuts/skin.auramod-thumb-[B][COLOR lightgreen]Cartoons[-COLOR][-B].png</thumb>
		<action>ActivateWindow(Videos,&quot;plugin://plugin.video.watchnixtoons2/?action=actionCatalogMenu&amp;path=%2Fcartoon-list&quot;,return)</action>
	</shortcut>
	<shortcut>
		<defaultID/>
		<label>Movies</label>
		<label2>Custom item</label2>
		<icon>DefaultShortcut.png</icon>
		<thumb>special://skin/extras/icons/</thumb>
		<action>noop</action>
	</shortcut>
	<shortcut>
		<defaultID/>
		<label>TV</label>
		<label2>Custom item</label2>
		<icon>DefaultShortcut.png</icon>
		<thumb/>
		<action>noop</action>
	</shortcut>
	<shortcut>
		<defaultID/>
		<label>Live Tv</label>
		<label2>Video Add-On</label2>
		<icon>special://skin/extras/icons/livetv.png</icon>
		<thumb>special://profile/addon_data/script.skinshortcuts/skin.auramod-thumb-Live Tv.png</thumb>
		<action>ActivateWindow(Videos,&quot;plugin://plugin.video.thecrew/?action=swiftCat&amp;url=5&quot;,return)</action>
	</shortcut>
	<shortcut>
		<defaultID>livetv</defaultID>
		<label>$SKIN[31103|skin.auramod|Live TV]</label>
		<label2>Common Shortcut</label2>
		<icon>special://skin/extras/icons/livetv.png</icon>
		<thumb/>
		<action>ActivateWindow(TVChannels)</action>
		<visible>PVR.HasTVChannels</visible>
	</shortcut>
	<shortcut>
		<defaultID>addons</defaultID>
		<label>24001</label>
		<label2/>
		<icon>special://skin/extras/icons/addons.png</icon>
		<thumb/>
		<action>ActivateWindow(AddonBrowser)</action>
	</shortcut>
	<shortcut>
		<defaultID>settings</defaultID>
		<label>5</label>
		<label2>Common Shortcut</label2>
		<icon>special://skin/extras/icons/settings.png</icon>
		<thumb/>
		<action>ActivateWindow(Settings)</action>
	</shortcut>
	<shortcut>
		<defaultID>power</defaultID>
		<label>33060</label>
		<label2>Common Shortcut</label2>
		<icon>special://skin/extras/icons/power.png</icon>
		<thumb>special://skin/extras/icons/</thumb>
		<action>ActivateWindow(shutdownmenu)</action>
	</shortcut>
</shortcuts>