<?xml version="1.0" encoding="utf-8"?><shortcuts>
	<shortcut>
		<defaultID/>
		<label>Search</label>
		<label2>Video Add-On</label2>
		<icon>DefaultShortcut.png</icon>
		<thumb>special://profile/addon_data/script.skinshortcuts/skin.auramod-thumb-Search.png</thumb>
		<action>ActivateWindow(Videos,&quot;plugin://plugin.video.themoviedb.helper/?info=dir_search&amp;widget=True&amp;type=movie&quot;,return)</action>
	</shortcut>
	<shortcut>
		<defaultID/>
		<label>Movies Genres</label>
		<label2>Video Add-On</label2>
		<icon>DefaultShortcut.png</icon>
		<thumb>special://profile/addon_data/script.skinshortcuts/skin.auramod-thumb-Movies Genres.png</thumb>
		<action>ActivateWindow(Videos,&quot;plugin://plugin.video.themoviedb.helper/?info=genres&amp;widget=True&amp;type=movie&quot;,return)</action>
	</shortcut>
	<shortcut>
		<defaultID/>
		<label>Trending Lists</label>
		<label2>Video Add-On</label2>
		<icon>DefaultShortcut.png</icon>
		<thumb>special://profile/addon_data/script.skinshortcuts/skin.auramod-thumb-Trending Lists.png</thumb>
		<action>ActivateWindow(Videos,&quot;plugin://plugin.video.themoviedb.helper/?info=trakt_trendinglists&amp;widget=True&amp;type=both&quot;,return)</action>
	</shortcut>
	<shortcut>
		<defaultID/>
		<label>Popular</label>
		<label2>Video Add-On</label2>
		<icon>DefaultShortcut.png</icon>
		<thumb>special://profile/addon_data/script.skinshortcuts/skin.auramod-thumb-Popular.png</thumb>
		<action>ActivateWindow(Videos,&quot;plugin://plugin.video.themoviedb.helper/?info=popular&amp;widget=True&amp;type=movie&quot;,return)</action>
	</shortcut>
</shortcuts>