<?xml version="1.0" encoding="utf-8"?><shortcuts>
	<shortcut>
		<defaultID/>
		<label>Search</label>
		<label2>Video Add-On</label2>
		<icon>DefaultShortcut.png</icon>
		<thumb>special://profile/addon_data/script.skinshortcuts/skin.auramod-thumb-Search.png</thumb>
		<action>ActivateWindow(Videos,&quot;plugin://plugin.video.themoviedb.helper/?info=dir_search&amp;widget=True&amp;type=tv&quot;,return)</action>
	</shortcut>
	<shortcut>
		<defaultID/>
		<label>Genres</label>
		<label2>Video Add-On</label2>
		<icon>DefaultShortcut.png</icon>
		<thumb>special://profile/addon_data/script.skinshortcuts/skin.auramod-thumb-Genres.png</thumb>
		<action>ActivateWindow(Videos,&quot;plugin://plugin.video.themoviedb.helper/?info=genres&amp;widget=True&amp;type=tv&quot;,return)</action>
	</shortcut>
	<shortcut>
		<defaultID/>
		<label>Popular</label>
		<label2>Video Add-On</label2>
		<icon>DefaultShortcut.png</icon>
		<thumb>special://profile/addon_data/script.skinshortcuts/skin.auramod-thumb-Popular.png</thumb>
		<action>ActivateWindow(Videos,&quot;plugin://plugin.video.themoviedb.helper/?info=popular&amp;widget=True&amp;type=tv&quot;,return)</action>
	</shortcut>
	<shortcut>
		<defaultID/>
		<label>Top Rated</label>
		<label2>Video Add-On</label2>
		<icon>DefaultShortcut.png</icon>
		<thumb>special://profile/addon_data/script.skinshortcuts/skin.auramod-thumb-Top Rated.png</thumb>
		<action>ActivateWindow(Videos,&quot;plugin://plugin.video.themoviedb.helper/?info=top_rated&amp;widget=True&amp;type=tv&quot;,return)</action>
	</shortcut>
	<shortcut>
		<defaultID/>
		<label>In-Progress</label>
		<label2>Video Add-On</label2>
		<icon>DefaultShortcut.png</icon>
		<thumb>special://profile/addon_data/script.skinshortcuts/skin.auramod-thumb-In-Progress.png</thumb>
		<action>ActivateWindow(Videos,&quot;plugin://plugin.video.themoviedb.helper/?info=trakt_inprogress&amp;widget=True&amp;type=tv&quot;,return)</action>
	</shortcut>
	<shortcut>
		<defaultID/>
		<label>Recently Watched</label>
		<label2>Video Add-On</label2>
		<icon>DefaultShortcut.png</icon>
		<thumb>special://profile/addon_data/script.skinshortcuts/skin.auramod-thumb-Recently Watched.png</thumb>
		<action>ActivateWindow(Videos,&quot;plugin://plugin.video.themoviedb.helper/?info=trakt_history&amp;widget=True&amp;type=tv&quot;,return)</action>
	</shortcut>
</shortcuts>