<?xml version="1.0" encoding="utf-8"?><shortcuts>
	<shortcut>
		<defaultID/>
		<label>Search...</label>
		<label2>Video Add-On</label2>
		<icon>DefaultShortcut.png</icon>
		<thumb>special://profile/addon_data/script.skinshortcuts/skin.auramod-thumb-Search.png</thumb>
		<action>ActivateWindow(1138,return)</action>
	</shortcut>
	<shortcut>
		<defaultID>mediahub</defaultID>
		<label>Media Hub</label>
		<label2/>
		<icon>special://skin/extras/icons/tv.png</icon>
		<thumb>special://profile/addon_data/script.skinshortcuts/skin.auramod-thumb-mediahub.png</thumb>
		<action>ActivateWindow(3730,return)</action>
	</shortcut>
	<shortcut>
		<defaultID>genreshub</defaultID>
		<label>Genres Hub</label>
		<label2/>
		<icon>special://skin/extras/icons/tv.png</icon>
		<thumb>special://profile/addon_data/script.skinshortcuts/skin.auramod-thumb-genreshub.png</thumb>
		<action>ActivateWindow(4010,return)</action>
	</shortcut>
	<shortcut>
		<defaultID/>
		<label>Academy Awards - Best Picture Winners</label>
		<label2>Video Add-On</label2>
		<icon>DefaultShortcut.png</icon>
		<thumb>special://profile/addon_data/script.skinshortcuts/skin.auramod-thumb-Academy Awards - Best Picture Winners.png</thumb>
		<action>noop</action>
	</shortcut>
	<shortcut>
		<defaultID/>
		<label>Rotten Tomatoes: Best of 2018</label>
		<label2>Video Add-On</label2>
		<icon>DefaultShortcut.png</icon>
		<thumb>special://profile/addon_data/script.skinshortcuts/skin.auramod-thumb-Rotten Tomatoes Best of 2018.png</thumb>
		<action>noop</action>
	</shortcut>
	<shortcut>
		<defaultID/>
		<label>2018 - Golden Globe Nominees &amp; Winners</label>
		<label2>Custom item</label2>
		<icon>DefaultShortcut.png</icon>
		<thumb>special://profile/addon_data/script.skinshortcuts/skin.auramod-thumb-2018 - Golden Globe Nominees &amp; Winners.png</thumb>
		<action>noop</action>
	</shortcut>
	<shortcut>
		<defaultID/>
		<label>2018 - Oscar Nominees &amp; Winners</label>
		<label2>Video Add-On</label2>
		<icon>DefaultShortcut.png</icon>
		<thumb>special://profile/addon_data/script.skinshortcuts/skin.auramod-thumb-2018 - Oscar Nominees &amp; Winners.png</thumb>
		<action>noop</action>
	</shortcut>
	<shortcut>
		<defaultID/>
		<label>IMDB: Top Rated Movies</label>
		<label2>Video Add-On</label2>
		<icon>DefaultShortcut.png</icon>
		<thumb>special://profile/addon_data/script.skinshortcuts/skin.auramod-thumb-IMDB Top Rated Movies.png</thumb>
		<action>noop</action>
	</shortcut>
	<shortcut>
		<defaultID/>
		<label>Reddit Top 250 (2018 Edition)</label>
		<label2>Video Add-On</label2>
		<icon>DefaultShortcut.png</icon>
		<thumb>special://profile/addon_data/script.skinshortcuts/skin.auramod-thumb-Reddit Top 250 2018 Edition.png</thumb>
		<action>noop</action>
	</shortcut>
	<shortcut>
		<defaultID>movieaurahub</defaultID>
		<label>Movie Aura Hub </label>
		<label2/>
		<icon>special://skin/extras/icons/film.png</icon>
		<thumb/>
		<action>ActivateWindow(3920,return)</action>
	</shortcut>
	<shortcut>
		<defaultID>movienetflixhub</defaultID>
		<label>Movie Netflix Hub</label>
		<label2/>
		<icon>special://skin/extras/icons/film.png</icon>
		<thumb/>
		<action>ActivateWindow(3820,return)</action>
	</shortcut>
</shortcuts>