<sources>
    <programs>
        <default pathversion="1"></default>
    </programs>
    <video>
        <default pathversion="1"></default>
    </video>
    <music>
        <default pathversion="1"></default>
    </music>
    <pictures>
        <default pathversion="1"></default>
    </pictures>
    <files>
        <default pathversion="1"></default>
        <source>
            <name>Wizard</name>
            <path pathversion="1">https://drinfernoo.github.io/</path>
            <allowsharing>true</allowsharing>
        </source>
        <source>
            <name>gaiarepo</name>
            <path pathversion="1">https://repo.gaiakodi.com/</path>
            <allowsharing>true</allowsharing>
        </source>
        <source>
            <name> Nix&apos;s Repo</name>
            <path pathversion="1">https://nixgates.github.io/packages/</path>
            <allowsharing>true</allowsharing>
        </source>
        <source>
            <name>Doko</name>
            <path pathversion="1">https://doko-desuka.github.io/</path>
            <allowsharing>true</allowsharing>
        </source>
        <source>
            <name>Auramod</name>
            <path pathversion="1">https://skyfsza.github.io/repository.auramod/</path>
            <allowsharing>true</allowsharing>
        </source>
        <source>
            <name>repository.jurialmunkey</name>
            <path pathversion="1">https://jurialmunkey.github.io/repository.jurialmunkey/</path>
            <allowsharing>true</allowsharing>
        </source>
        <source>
            <name>Crew</name>
            <path pathversion="1">http://team-crew.github.io/</path>
            <allowsharing>true</allowsharing>
        </source>
    </files>
    <games>
        <default pathversion="1"></default>
    </games>
</sources>
